id,VornameNachnameGeschlStrasseStrNummerPostleitzahlOrt
1,MélodieVan Der VliesPolygender11221 Mifflin Terrace5Pacucha
2,AngèleEdgecumbeMale47314 Mayfield Junction269470-000Tefé
3,ZhìAndreassonMale46136 Union Road2Moutsamoudou
4,JudicaëlKoppeckFemale653 Trailsway Court76403Kuidou
5,BérengèreCapronFemale0076 Farragut Street1Fushë-Muhurr
6,LéonieBrosiniMale0315 Debra Street84583412Chilecito
7,VénusGarfitFemale8 South Hill66Maojiadian
8,MélinaJanotaGenderqueer82822 Bay Drive81821Ouaoula
9,LaurèneBakeFemale1 Towne Drive8392Jing’an
10,RégineDorkinsMale149 Bayside Hill0011Khoa
11,CécileMoffetMale2 Kim Hill62Kalyny
12,MaëlannLabroneMale22 Utah Hill8377464 01Frýdlant
13,MélindaNewboldMale896 Shoshone Pass7Masis
14,MånsItzhakFemale3470 Karstens Park7Tireman Timur
15,MélodiePattlelMale8006 Carpenter Road216550Erie
16,CélineBonettFemale1886 Randy Terrace06275Kaoshan
17,AdélieMcGrealFemale59 Upham Circle7317Shicong
18,HélèneSoldanFemale6 Pine View Alley943329930-000São Mateus
19,MichèleCluerFemale8217 Melvin Avenue6111555Ilangay
20,MaëlineMüllerMale179 7th Road868Tabanan
21,MaëlannBeneditoMale83 Kinsman Park72589630-224Algarvia
22,NuóGransdenMale553 Vermont Avenue9328186730-000Astorga
23,BérengèreStaintonFemale858 Dottie Terrace60Syevyerodonets’k
24,WáSabaterFemale0027 Barnett Lane2743Leiling
25,AnaïsCochranFemale8208 Summer Ridge Road199795590-000Tramandaí
26,GéraldBessantMale3 Pawling Way43309Sīrīs
27,RuòCoffinFemale59042 Mcbride Pass94895600-000Taquara
28,MélodieMustillFemale656 8th Terrace95508Erniusuokou
29,RuòStanesbyMale2363 Twin Pines Road60280Haoguantun
30,NoémieAntognelliFemale907 Leroy Lane6321Chengxiang
31,MaëlannHughsonFemale8 Moland Road8834745356Essen
32,MilénaMievilleFemale1 Glacier Hill Point574Longonjo
33,MaïlysChamberlinBigender03 Schmedeman Place248376905San Angelo
34,NadègeTomalinMale414 Clemons Street0542Taunan
35,OcéaneOMaraMale88264 Bay Plaza95057160Thoeng
36,CécileAguirrezabalaMale69011 Gateway Drive922Wangbuzhuang
37,MaëllaGwillimFemale438 Melby Junction013700Calinaoan Malasin
38,LéaMcGaheyBigender06814 Westend Circle278109Punta Alta
39,LaurèneHagertyPolygender52006 Bobwhite Alley4338Sanlifan
40,DorothéeLinkAgender3 Randy Crossing3137Labuhan Deli
41,ClémentineKynseyAgender113 Birchwood Circle46753La Esmeralda
42,LorèneSmithermanMale29054 Elmside Point3Wongaya Kaja
43,CléopatreKlulicekMale9 Waubesa Place664Cidadap
44,LaurèneCastanedaFemale9627 Laurel Point349Thủ Thừa
45,MéliaConstantFemale5731 Warner Circle67731-1515Mibu
46,LucrèceClunieMale87746 Ilene Parkway57247017Binucayan
47,EléonoreMcMurthyMale2212 Carberry Plaza051146860Virojoki
48,MéliaBevarMale7 Lillian Lane76802Maydolong
49,CaméliaBontineFemale17409 Beilfuss Terrace011503Mercedes
50,MéthodeJozefczakMale63 Mesta Point6378 41Jarošov nad Nežárkou
51,AudréanneHinscheMale781 Fordem Road8893Kanḏay
52,AndréeVarneMale06664 Sherman Terrace645Chaiwan
53,MårtenKinleysideFemale268 Fairview Park30245Chengbei
54,EstèveMcEwanFemale10419 Rigney Park6533 45Opatovice nad Labem
55,LéaneDibbertMale7 Maryland Point2413966-0033Seto
56,MàThewlisMale700 Nobel Pass40852Goght’
57,CléaDjurkovicFemale7 Delladonna Lane4477414 CEDEXClaye-Souilly
58,RachèleReburnMale86 Bonner Road237Umbanyar
59,GéraldGowlingFemale816 Aberg Place692021040 CEDEXDijon
60,CléopatreJacksonMale838 Melby Alley20Denglong
61,DesiréeHaskinsMale2 Crowley Park98341Marshintsy
62,EléonoreLongsonFemale101 Hauk Street80Wuma
63,LéaneDybellFemale4 Sommers Lane41528D04Cabinteely
64,BécassineGrzesiakFemale9378 Melody Place82146862Fort Wayne
65,Marie-joséePickinMale56 Scott Place90Khovd
66,Marie-joséeRoxbyMale19 Pankratz Street53325-0017Kuroiso
67,LéonieFeenanMale8 Aberg Drive9Sumberan
68,ValérieEllumFemale69 Forster Lane357Chuanshan
69,JúCaseriFemale28 6th Alley030034 CEDEX 1Nîmes
70,BörjeStrangmanFemale4 Scoville Trail7187683 01Rousínov
71,BéatriceGhidelliMale56581 Fieldstone Place273594610-475Ponte
72,DàJablonskiFemale65304 Lakewood Lane31474Batangtoru
73,UòBeveridgeMale134 Crowley Parkway74751La Puerta de San José
74,ValérieBestmanMale268 Ridge Oak Crossing38Klimavichy
75,MarlènePohlsFemale7 Victoria Crossing8Tianzhu
76,MàNoldaFemale65 Heffernan Road3302970-294Cotovia
77,MarlèneBisikerMale480 Tony Park0165401Tamberías
78,EstéeBabonMale15 Arapahoe Park827153401Choa Saidān Shāh
79,SimplifiésDmisekFemale97869 Artisan Pass847577 92Hultsfred
80,SélèneGaningFemale43 Lakewood Trail65507Looc
81,MérylPenkeMale61444 Prairieview Crossing034Sumbuya
82,AnaïsRawcliffFemale28103 Holmberg Hill430Dawuhanmangli
83,MélinaAndriFemale76 Clemons Circle7653942963 CEDEX 9Saint-Étienne
84,AudréanneFoddenMale167 Meadow Valley Plaza20Managua
85,BjörnSpellesyMale49 Roth Alley38011Székesfehérvár
86,FrançoiseSummerscalesMale20 Brickson Park Drive22213Padangan
87,LaurèneAshtonhurstFemale7526 Stone Corner Parkway22134-741Kasina Wielka
88,ValériePettersFemale670 Warner Road0465Krajan Keboromo
89,AnaëlSpenclayFemale83 Dorton Way028134-460Szczawnica
90,StéphanieKeechFemale761 Beilfuss Pass2950Pailiao
91,InèsDeverilMale98967 Continental Plaza54670Simpang
92,BéréniceGelderMale78686 Sugar Road0871394414 CEDEXSaint-Maurice
93,MélanieOFogertyFemale9214 Mosinee Place1873299-4128Ōami
94,FrédériqueCanepeFemale624 Norway Maple Park883061060Jagupit
95,NuóOttonMale45 Pond Center27Cendagah
96,GenevièveTruslerFemale5 Corscot Place42689500-000Caçador
97,JúBoagMale5 Cascade Pass952Baun
98,JoséphineDi LuciaFemale973 Forster Plaza39Pondokrejo Wetan
99,LaurèneArmsdenMale8 Sachs Avenue89767130Moro
100,BécassineGriffeMale04 Johnson Hill49726120Nakhon Nayok
101,AloïsParresFemale92 Rockefeller Pass532Oemollo
102,CléopatreGaffeyMale97258 Eliot Park8513Chợ Mới
103,AndréStigerMale29 Washington Place87674184Tulsa
104,BéatriceGodlemanFemale256 Waubesa Street371808Nangka
105,HåkanHarrhyNon-binary5941 Cottonwood Crossing94190018Popayán
106,CélestineDagnanMale5276 Lien Point03014382 21Kájov
107,ClémenceHaggartMale7977 Westport Trail0274950-830Giesteira
108,LóngCabanFemale37 Magdeline Hill2309642Novyy Oskol
109,GaétaneGrimbleMale45122 Morrow Lane56439Dashi
110,MaëlannPiwallGenderqueer25 Roxbury Hill467Wenchang
111,MagdalèneLobleMale53247 Ridge Oak Street2Zharkent
112,VéroniqueDomaschkePolygender1374 Tennessee Point4Pirca
113,CléaHerityFemale558 Jenifer Parkway453Duozhu
114,MaëlannBambroughFemale89 Sachtjen Alley5975832 CEDEX 17Paris 17
115,CléaGoulstoneFemale6329 Hanson Road8649240Chemal
116,RenéeDe LeekFemale6392 Shopko Road9886Az Zintān
117,BörjeRudderhamFemale2925 Swallow Park137490-000São Gonçalo do Sapucaí
118,MarylèneBrouneMale923 Redwing Center6Kebonbencoy
119,NadègeMcCuishMale76 Reinke Street1Shizong
120,AnaëlLittleoverFemale940 Helena Road2974Hữu Lũng
121,LièBaumeFemale60405 Karstens Alley6274000Chittagong
122,MaëllaMurrowMale7 Summer Ridge Way803700-819Duas Igrejas
123,CléopatrePettiforMale2 Hollow Ridge Park15703366319Mayrtup
124,GéraldineAskerFemale44 Boyd Hill289074313Brea Pozo
125,GaétaneSmedmoreFemale2 Manley Drive703331424Strawberry Hills
126,MérylBlencoeFemale02 Badeau Crossing45875345 CEDEX 07Paris 07
127,AurélieChastaingFemale0062 Johnson Lane47031San Pablo
128,OcéanneMarthenFemale861 Pearson Road3640Firá
129,DorothéeBurrillFemale1503 Meadow Ridge Place857739 47Kozlovice
130,HåkanBeldenMale94 Jay Parkway945464892Grimstad
131,CélineBrunningMale66994 Florence Court82907Marcos
132,AnaëlLapidesMale4 Namekagon Lane48127 43Skärholmen
133,RuòSaffranFemale1 Corben Way136200-000Barbacena
134,LoïcGerretsenMale0 Harbort Court08468655Thulamahashi
135,RuìFitzerMale80128 Hollow Ridge Alley271368034Glubokiy
136,AnnotéeOgersMale636 Erie Avenue77850320Nong Don
137,BörjeBindinFemale8 Florence Park6158Kebonkaret
138,MàCroncheyFemale49123 Pawling Court01074Budapest
139,LaurélieBaiyleMale56 Nobel Lane506Pingding
140,DorothéeOlderFemale81306 Rieder Avenue66081Guicheng
141,LaurénaWileMale808 Schmedeman Drive476Xiongguan
142,ClémenceBritoFemale6591 Basil Circle8388970-055Alcoutim
143,NadègeDallinMale7042 Trailsway Trail72Nueva Loja
144,MaïlisMatleyFemale1287 Norway Maple Road26409Banjar Budakeling
145,DanièleScreatonFemale92 Vernon Plaza1084Jietou
146,MédiamassGodlyMale97 Grasskamp Drive27799Faratsiho
147,LéoneKremerMale36 Maryland Avenue31575Enjitsu
148,ÅsaAdrianMale3 Glendale Pass26Beidajie
149,AdèleDoleyAgender0 Logan Pass481Huangdu
150,FèiSidneyFemale489 Pepper Wood Street2642Songjiang
151,Marie-joséeWalisiakFemale04 Green Ridge Junction840428540-000Cordeiro
152,DesiréeDiplockFemale1 Lukken Center49707037Colosó
153,GisèleSchustPolygender35 Katie Drive1792Nanshi
154,MàLongshawMale1916 Reindahl Way502807Calaba
155,DàBootherMale7697 Pawling Point336La Gi
156,SimplifiésChaudhryMale2712 Forest Dale Street54025Kotabesi
157,GarçonBaniardFemale89334 Pearson Alley330103San Francisco
158,GaétaneElpheeMale303 Menomonie Alley222-310Kraśniczyn
159,GisèleHasseyBigender6486 Shelley Trail7101369101Kannus
160,OcéanneBooleyMale41 Springview Lane19562265-000Varjota
161,ÖrjanDibdenMale8 Butterfield Point30Aimadamodo
162,RégineOClearyFemale72 Morning Center285899-3221Ijūin
163,SélènePersseMale1 Butterfield Point30942164 CEDEXAndrézieux-Bouthéon
164,HélènaAdenotFemale314 Menomonie Alley139Yuanquan
165,MaëlannWassungGenderqueer718 Vernon Circle7298503-2429Ōgaki
166,FrédériqueAckermannMale5 Scoville Lane1290842-152Opatów
167,AudréanneKahenFemale72778 Esker Parkway108410510Mella
168,MaïwennLastyMale2 Trailsway Trail252Ébolowa
169,YúDictusMale969 Coleman Trail26513Santa Fe
170,AnaéDukesMale054 Eastwood Junction91251Moravče
171,YénoraWarrPolygender84 Holmberg Pass3373Dapchi
172,EsbjörnArchiboldFemale456 Shelley Avenue0544462-604Kościelec
173,MilénaPardalMale9 Gateway Avenue3113Bajo Pichanaqui
174,CélestineGravestonMale0531 Butterfield Trail1San Clemente
175,MaénaDallasMale6 Sundown Way18038Singgit
176,AndréeTukeFemale6 Northfield Terrace807Anggana
177,MéthodeSeldnerMale47 Kings Lane2271Guniushan
178,VénusBullasMale331 Loomis Center76525Bato
179,MånsAguirrezabalFemale32245 Sunfield Center275587490-000Nova Olímpia
180,GaëlleEadingtonFemale0 Mallard Park5714Taipingzhuang
181,AnaëlleFalknerMale8704 Chive Plaza6320180Sattahip
182,OphélieHeightFemale04978 Kinsman Pass86Changning
183,MårtenBoldingMale6 Lakewood Alley0939-2747Yatsuomachi-higashikumisaka
184,PélagieGuswellFemale312 Arkansas Street34Kalepasan
185,GwenaëlleLecountFemale734 5th Crossing54049Trinidad
186,HåkanLadenFemale2 Service Road9335726-811Wyśmierzyce
187,Marie-joséeHylandsMale7 Dryden Way684Wedangtemu
188,ZoéKingshottFemale27 Anderson Court83Arkalyk
189,JoséeJanousMale4 Union Circle97442780Bessonovka
190,LaurèneGallallyFemale42 Cardinal Road812565-522Monte Redondo
191,AnaëlBickleFemale7521 Hoepker Trail381559-852Świeradów-Zdrój
192,MédiamassLebbernMale579 Nelson Hill193798Skien
193,BérengèreHovyMale7223 Pearson Hill05244334Perez
194,ÖrjanKilmurrayFemale82818 Sunfield Road596960Rongelap
195,ÅslögVennyMale40 Jenifer Street87562840-000Beberibe
196,Marie-noëlStoadMale87 Holy Cross Terrace3524503San Antonio
197,HåkanPettiforMale8 Gale Court8Kamenica
198,MaëllaWillgrassMale075 Debra Junction19072Baota
199,ThérèseLudoviciMale5351 Express Court76242725-094Mem Martins
200,StéphanieTrewhittMale456 Portage Crossing27Tây Đằng
201,MärtaBauduccioMale31 Esch Trail52562635-034Rio de Mouro
202,GaétaneGlaisnerMale1049 Doe Crossing Park1Daba
203,NaévaPargeterMale6 Fieldstone Way511Beloha
204,SaloméVenableMale4930 Mcbride Crossing6765-980Ochla
205,BörjeThickettMale96 Schmedeman Center82729Blagoevgrad
206,LucrècePrendergrassFemale7 Morning Center6118Thành Phố Hà Giang
207,LaurèneOckleshawMale35 Scofield Court082055180Na Muen
208,CéciliaPasticznykFemale7076 Sullivan Junction09020910Silver Spring
209,StévinaMacKeyMale18 Tennessee Street61675 28Opatov
210,Marie-noëlRevenMale013 Quincy Park174Kalipare
211,MélinaQuilkinMale305 Summerview Hill485498880La Foa
212,Marie-noëlFerrieMale3372 Ramsey Terrace84174Jiutai
213,LéoneAlphegeMale1 Manley Hill06196851Petro-Slavyanka
214,ZoéLeversonMale8 Declaration Trail53529Tanjungpati
215,AnnotésGrayneFemale1 Bellgrove Park24744505Youngstown
216,FaîtesLalleyFemale005 Pierstorff Lane2830Texíguat
217,AdèleWallisFemale84 Milwaukee Avenue8Kebonbencoy
218,SéverineMadillFemale252 Fallview Plaza3077969-7208Fuji
219,ValérieTebbGenderqueer8 Gateway Lane846287 32Strömsnäsbruk
220,KallistéRasperMale7413 Tennyson Trail261Jingu
221,AudréannePalombaFemale0081 Lukken Street8Kebonsari Kidul
222,EléaAdamikFemale4 Arrowood Circle29210175New York City
223,RéservésJakuszewskiMale81696 Farmco Avenue9788613820-000Jaguariúna
224,AthénaBelhommeFemale451 Mandrake Point65530Pelabuhanratu
225,RébeccaCrippinFemale774 Garrison Circle237Shangqiu
226,MaïwennCurmanMale82 Vernon Parkway731403 27Proboštov
227,AndréeBunnerMale04 Mallory Hill2387390-000Boa Esperança
228,RuòWincklesMale0 Quincy Court94820116 23Stockholm
229,NaévaBuntineMale8 Tomscot Place228Nueva Helvecia
230,BörjeDollardMale0 Hanson Road07022380-638Vila Moreira
231,PénélopeGormanFemale26 Schlimgen Trail91487Klokot
232,AloïsRobelinMale43 Hagan Way94581E’erdun Wula
233,AnaëlleTindlePolygender708 Raven Trail30954950-332Pomar
234,YèFrearsMale7 Cordelia Center7Kapsan-ŭp
235,AndréeOvidFemale81670 Harper Park63263Kamenica
236,HåkanPeatMale22707 Westerfield Hill229403 17Chabařovice
237,AndréJanuszewskiNon-binary56 Division Point7562526-021Daleszyce
238,AnnotésClemmettFemale2246 Lien Center408Atambua
239,PålLambswoodMale649 Hovde Drive37P24Cobh
240,YáoLentonMale60820 Declaration Way563150-000Campos Sales
241,HåkanBoytonMale0127 Crescent Oaks Plaza256Stari Lec
242,NélieForseyFemale3764 Hagan Street190Winangun
243,HåkanHorcheFemale4684 Crest Line Hill435022 CEDEX 2Rennes
244,LorèneSinkingsGenderqueer5066 Sauthoff Alley2446800Koshki
245,Marie-thérèseCreddonFemale4845 Sunfield Park45Segbwema
246,BéréniceTolworthyFemale47319 Dapin Hill93Yalagüina
247,ThérèsaLandMale4143 Delladonna Plaza8Chenhu
248,Marie-thérèseGianilliMale53 2nd Parkway2421Wang’er
249,MérylGlewFemale2 Ilene Place99934114Bangonay
250,AdèleDeblingFemale60 Steensland Avenue419618284Shirokovskiy
251,AnaéMetzkeFemale3672 Cherokee Trail05Sintung Timur
252,GaétaneGoodenNon-binary9439 Gateway Hill36004Kecskemét
253,LaïlaBootlandMale192 Gateway Trail2Ongi
254,MaïtéHelsdonFemale0387 Pankratz Circle033Kogon
255,AndréeMalleyFemale609 Dorton Junction066410Benito Juarez
256,PålSimmensMale73 Novick Circle6626-630Jedlnia-Letnisko
257,MaëlysNuccitelliPolygender5 Claremont Way7Huicheng
258,DafnéeSibaryMale06954 Magdeline Parkway0656159570-000Ceará Mirim
259,AloïsHarsnepFemale7 Maple Avenue3820Pepe
260,Marie-hélèneLackyFemale95 Springview Lane7662Shuangkou
261,MylèneYouthedMale68 Vahlen Road8Erandique
262,Marie-hélèneDehmelFemale905 Gulseth Way181195105Santa Cruz
263,AngèleBatmanMale236 Bluejay Lane9969Prómachoi
264,MéliaYounghusbandFemale38332 Darwin Park56725190Si Mahosot
265,EloïseBaldiMale11905 North Hill25Hongchang
266,IllustréeDunFemale5 Erie Point713300-265Folques
267,GenevièveLateGenderfluid916 Fairfield Drive5Patrol
268,CélestineColvilleMale663 Summerview Center3573Porto-Novo
269,GwenaëlleScarlonFemale8 Goodland Lane345Shuanglong
270,RégineBoddieFemale244 Summer Ridge Road35222385436Staraya Stanitsa
271,CréézGaughanMale378 Brickson Park Terrace40Kanggye-si
272,GaïaLongfordFemale26725 Loeprich Pass462560-000Marco
273,MaïlisBuckbyNon-binary06 Columbus Center69349Zárkos
274,SòngParbrookFemale8837 Maple Wood Park1553263Milwaukee
275,FrédériqueHeddanFemale9 Jay Parkway03450Malikisi
276,ÅkeKirtlanFemale593 Rigney Road111-430Korsze
277,NélieRuncimanFemale246 Green Avenue64Yongning
278,MaïlisCardnellFemale70 Esch Court244335Malibong East
279,IrèneNavarroNon-binary7 Monument Circle2676000Jamshoro
280,MaïtéCoughMale1198 Westridge Circle81169692769Gal’bshtadt
281,AnaëlleStockyFemale66552 Merrick Lane10984930-250Insua
282,MéthodeMoulderMale23291 Crowley Hill63744150Äänekoski
283,PòStaffordGenderfluid46 Emmet Lane922302Orizari
284,FaîtesScraggsFemale39798 Southridge Terrace33Jidong
285,AdélaïdeDullardFemale3 Sage Avenue314606168Vacha
286,DesiréeLeonardMale8870 Blaine Crossing33221Ghanzi
287,GéraldineBadgersMale5 Bonner Court423197755-000Pôsto Fiscal Rolim de Moura
288,RuòMasicMale49544 Truax Pass28Quwa
289,AurélieLieberNon-binary48 Larry Place58888Xiakouyi
290,NaëlleBalcockFemale8 Shopko Plaza22131Wangjiahe
291,CaméliaElgerFemale6439 Stuart Crossing70688000Palana
292,PublicitéOakeshottFemale83799 Laurel Terrace286368625-000Paragominas
293,CléopatreFawleyBigender302 Kinsman Avenue8319811Kudanding
294,LaurèneBruckmannMale5891 Clyde Gallagher Terrace484812205Albany
295,RuìHaughtonMale8 Bluejay Drive44235609Eindhoven
296,ÅsaLadewigMale549 Florence Plaza8278Lanyi
297,GisèleJanecekGenderfluid1305 Anniversary Terrace56459San Miguel
298,MaïlyLoveridgeMale4 Laurel Alley5Tumpukrenteng
299,Marie-èveYurkiewiczMale53511 Clove Terrace661609Morelos
300,FèiRoderFemale1091 Killdeer Circle1142-580Psary
301,EdméeChatburnMale730 Carey Place81429Krajan
302,GéraldineDarkeFemale40 Morning Drive9360588541El Paso
303,YèJiraMale9452 Fremont Way4350080Zaragoza
304,PublicitéPersentMale270 Delladonna Pass6556204Maastricht
305,SéverineWilcoxMale6 Crowley Pass2614750-771Quintão
306,YáoMcClarenNon-binary82 Armistice Parkway927Koloniya Zastav’ye
307,ThérèsaFoynesMale10 Colorado Alley02992428Urdaneta
308,StéphanieIsleyFemale55927 Merrick Parkway716901Lammi
309,TorbjörnGrowyMale6036 Lukken Place84Sungai Raya
310,EloïseTunnadineFemale56 Express Place7713660-000Porto Ferreira
311,MaëlineCossentineFemale14 Truax Trail8543-418Pogwizdów
312,NélieDe SantosFemale0487 Straubel Drive7828Kapinango
313,GaétaneAxstonFemale9423 Clyde Gallagher Avenue9Las Palmas
314,AiméeMermanMale20545 Atwood Trail279Lembanah
315,ÖrjanDriversMale65 Rieder Parkway8920-2327Ichihara
316,AiméeMiroyMale47547 Center Trail5280601 14Norrköping
317,NélieGlydeFemale0502 Caliangt Park097050-405Cabrela
318,HåkanKapelhofFemale8131 Arkansas Circle186465829Sampacho
319,MaëlyssCauleyFemale0211 Erie Road1691664El Arenal
320,EléaVaggsAgender334 Bonner Parkway9Ganchazi
321,MaëlysButMale9 Kensington Trail65778840-000Campo Verde
322,MaëllaArthursFemale02152 Atwood Lane16Huanuni
323,AdèleLiebrechtMale88864 Hintze Court77281Alue Glumpang
324,MélineLomasnyMale9 Service Circle26Psevdás
325,MédiamassSchwantGenderfluid67 Towne Center8839Xinglong
326,LéoneSauntBigender82 Melvin Parkway13426A1CSainte-Martine
327,AnnotésGouchFemale2702 Donald Park4858501San Francisco
328,GaétaneBowichMale32 Shelley Alley6006Tondano
329,AlizéeStrelitzkiFemale83717 Eastlawn Trail5727Cikondang
330,LéonePoileMale23069 Truax Trail46023Hubei
331,AmélieSabanMale55899 Corben Terrace7475769639 CEDEXVénissieux
332,MårtenMc MenaminFemale633 Upham Parkway39359Affery
333,BécassineKeetsMale1676 Hoard Lane87382Weizheng
334,CélineMillionMale76865 Crescent Oaks Road0Aş Şanamayn
335,GéraldineBelitzMale936 Ridgeway Lane3091Boujniba
336,SaloméMardlingMale270 Vernon Plaza12Tarakan
337,MéliaBlakemoreMale7 Monument Lane00181019El Doncello
338,DafnéeMcAulayMale98862 Golf Terrace82Kefar Tavor
339,GarçonDennettFemale5 Becker Junction0Koncang
340,IntéressantLesorMale6 Dryden Center6Soubré
341,AnnotéeWasbroughFemale54673 Dottie Alley817165090-105Murça
342,ÅsaIbbesonFemale5 Haas Center18929015Malaga
343,MaïlyKennealyFemale2563 Namekagon Pass696Pujocucho
344,YèSearesFemale6180 Weeping Birch Point238Mungyeong
345,AthénaHarbronFemale4 Havey Plaza1603612425Kosino
346,AndréannePortailFemale56342 Dorton Court9Delta del Tigre
347,GöranZannelliFemale90 Crescent Oaks Terrace891411019Amsterdam Binnenstad en Oostelijk Havengebied
348,GéraldLeathlayMale12711 Hanson Circle06302Huizhai
349,AndréanneChownMale127 Marquette Alley148707Tambac
350,EstèveClementelAgender21 Burning Wood Circle674606419San Vicente
351,LéoneLeganFemale1830 Division Point4Tissa
352,MaénaPownallMale32 Karstens Drive75Kalāt-e Nāderī
353,AndréeRettieFemale87435 Butterfield Hill505500 02Hradec Králové
354,InèsKenwrickMale78717 Blaine Alley64953Fuji
355,Marie-hélèneYarnallMale24431 Sommers Point123606Pirané
356,PòMartinMale23 Cordelia Road32Shajing
357,RuòCelizMale4209 Merchant Court0416230001Bhakkar
358,PòBissettFemale36 Lillian Plaza8375503Melaka
359,DùSwindonAgender3 Becker Junction06167270Khao Kho
360,IntéressantGouldthorpFemale5941 Dwight Park96Hołoby
361,LéandreLilburnMale4237 Scofield Street3571456 91Kungshamn
362,BjörnWhalesFemale9913 6th Hill47Henggang
363,IntéressantDietonMale4765 Graceland Park547155310Kirs
364,CélestineRedhillsFemale99 Homewood Road18221Joševa
365,TánYakovlevMale6 Havey Terrace0511369820-000Canutama
366,RégineMcDowellMale6 Autumn Leaf Terrace794625-644Vila Boa do Bispo
367,JúCoyshMale3005 Mosinee Crossing09404000Dubovka
368,RéservésOFallonMale811 Erie Court24Tangtuzhui
369,FrédériqueSobeyMale82035 Merry Drive23832718Cervantes
370,Marie-èveGarstangGenderqueer4 Steensland Park7Kaum
371,AndréTapinFemale5159 Carpenter Plaza75787409Kulase
372,EsbjörnEynonMale4 Hoffman Hill49Konde
373,MaëllaDuffyMale680 Monterey Terrace3328Dukoh
374,LéandreTwinningMale8667 Donald Crossing038794474 CEDEXBoissy-Saint-Léger
375,MaïWhittinghamFemale8 Haas Drive854420-0949Yoichi
376,RachèleShevelinMale322 Sunbrook Junction235676834Bouillon
377,CécileMcUreMale67640 Paget Parkway42530-009Atalaia
378,Marie-èveYurkevichFemale6 Texas Road2Magburaka
379,AlmérindaPaiceMale036 Calypso Lane6419010Huité
380,RáoHowkinsMale2 Forest Run Avenue091Liupai
381,SérénaPackFemale325 Melvin Point0057858Carepa
382,RébeccaMantFemale8 Portage Point5Jinsheng
383,RéservésSpitellMale8 Bartillon Parkway463Buaran
384,GarçonHamfleetBigender1 Fisk Parkway6Runjin
385,MéthodeKerkhamFemale54 Nobel Road511047Марино
386,PélagieCamiesFemale9397 Jay Parkway0Xiagong
387,JoséphineMacPharlainMale78 Jay Way94San Silvestre
388,EugénieMathetFemale82 Blue Bill Park Parkway04273Mekele
389,GaétaneBranganMale70 Anthes Court2Frashër
390,MichèleDewburyFemale25516 Monica Circle50Changgang
391,EugénieElcottFemale0 Graceland Terrace898197755Gorskaya
392,MéganeHarnimanMale4618 Clove Street037Mugan
393,AgnèsCluneyFemale8993 Ramsey Avenue652530-009Atalaia
394,Marie-hélèneAngearNon-binary303 Larry Terrace203368530Karabudakhkent
395,MéliaDolphinFemale58194 Hagan Street10740160Thawat Buri
396,LoïsRuseworthMale4925 Northview Plaza02893362-0025Ageoshimo
397,MaïlysRydingFemale942 Monument Avenue383144315Akron
398,RachèleWulfingerFemale278 Thackeray Terrace44067Yima
399,GwenaëlleTaltonFemale670 Walton Place6908Dadoupu
400,LóngRonchettiMale2925 Vermont Plaza65541Yangcun
401,StyrbjörnKloskaMale0 Talmadge Center73Somita
402,LénSudranFemale6920 Redwing Crossing728721 37Västerås
403,MaëlleAndrysekFemale69272 Westridge Road714206Santa Teresita
404,SélèneSeniorMale132 Hallows Place14916Las Vegas
405,AnaïsJoskovitchNon-binary4126 Aberg Park11Dudchany
406,Marie-noëlDallyMale52409 Hovde Point78Guanyinsi
407,Marie-hélèneLaurenceMale85 Rutledge Court1Ban Houakhoua
408,CaméliaFoxonFemale24 Melvin Road8577005-676Nossa Senhora de Machede
409,HélèneCankettFemale294 5th Terrace2Bojonggenteng
410,MårtenMitchelsonMale74928 Vahlen Center9410450Jastrebarsko
411,HélènaStirtleMale9 Springs Street749453285Milwaukee
412,LéaneBarmbyMale09 Clarendon Center3Bi’r al ‘Abd
413,GöranOFinanMale3 Havey Alley83376Tafo
414,StyrbjörnProbyFemale502 Blackbird Pass3923214501Smolensk
415,ZoéHalseFemale38 Holmberg Place62Dungkek Laok
416,KuíDrableFemale4 Buell Junction71275623 CEDEX 13Paris 13
417,DesiréeBamfordFemale117 Knutson Street7Tonggoh
418,ZoéSullerMale01 Golf Pass5299301792Severo-Zadonsk
419,MarylèneAudissFemale04697 Portage Crossing6115784120Ban Na San
420,AdélaïdePoznanskiMale0 Twin Pines Junction8839Kambove
421,MaëllaColeyshawPolygender196 Kropf Place056564El Mirador
422,Marie-françoiseGelderFemale885 Scott Lane3977187900Altavista
423,EléonoreChaffynFemale777 Onsgard Street098000Fontvieille
424,CélestineSikorskyFemale10 Pawling Center82576Dengzhou
425,StévinaLondsdaleFemale09 Dahle Junction95Banjar Petak
426,MaïwennNevittMale0 Carberry Alley172269670-000Fonte Boa
427,MagdalèneGerreyMale4 Logan Court1437126010Francisco I Madero
428,BécassineLatimerMale19 Cordelia Lane594382420-369Trabulheira
429,DàLethibridgeMale8 Dennis Terrace1053Monkey Hill
430,MaïlysClaigeFemale8 Charing Cross Crossing049Filothéi
431,MaénaTorbardMale867 Vernon Road99Huangshi
432,SolèneLyvonMale704 Sommers Place786723Lazaro Cardenas
433,Marie-thérèseBenbrickFemale46 Reinke Place723Sokal’
434,GéraldEdmonsonMale7704 Everett Drive74067953 CEDEX 9Strasbourg
435,ÅkeMessrutherMale5833 Sommers Alley811656944Washington
436,MénGosneyeGenderqueer6 Debra Lane61Salanegara
437,AnaïsJefferysFemale8 Green Ridge Junction184611Amuñgan
438,PublicitéTregaleFemale0 Haas Point5980764517Buenaventura
439,MaïlySantoriniMale23 Manley Lane7915683514 CEDEXLa Seyne-sur-Mer
440,InèsPiochMale260 Green Ridge Point02808Los Ángeles
441,NoémieMarklewFemale8 Kingsford Point8Kasakh
442,MéghaneMacCaffreyFemale1 Bayside Park8851Sawahan
443,BérangèreAmbrogioMale17 Lakewood Gardens Center03057Zuocun
444,MédiamassRyceMale70 Merchant Hill7Huainan
445,ÖstenUbankMale629 Mcguire Parkway96554120 16Stockholm
446,MélinaMacKeeAgender928 Anthes Alley5Majāz al Bāb
447,ThérèsaLivezeyMale00460 Novick Place493Belung Satu
448,ClémenceWealFemale9 Bay Trail14914780-000Barretos
449,FaîtesOvertonMale01 2nd Point3329Shangjia
450,CléaLindbladMale6 Dunning Plaza55373 35Horní Stropnice
451,JoséphineRoseamanAgender590 Ilene Point3920Tayu
452,ÖstenLowbridgeMale85181 Paget Drive634Sukasetia
453,Marie-joséeBrionFemale53 Debs Crossing663939-2747Yatsuomachi-higashikumisaka
454,ThérèseBasiliFemale456 Lake View Street16Ulichnoye
455,MéliaVertiganFemale009 Manufacturers Point1639409 CEDEXMorez
456,JudicaëlSaullMale49520 Butternut Drive1457662927Belyy Yar
457,SélèneValentineMale38 Basil Alley606Pomabamba
458,VéraneDunlapFemale2685 Green Crossing77Seria
459,MélineKinnearFemale30844 Heath Hill87574Nankun
460,LèiLuttgertFemale1 John Wall Junction70780100Dera Bugti
461,StyrbjörnLathleiffureMale51 Northland Way7Bình Minh
462,MarlèneBlasiMale9414 Logan Way8396350Kashirskoye
463,MaïBegwellMale49660 Mosinee Lane95518Haugesund
464,GwenaëlleKainesFemale12 Emmet Terrace3054025Cabuyao
465,GéraldAdamthwaiteMale376 Mcbride Plaza7450572-321Trzebiatów
466,KuíHartfieldMale07351 Dorton Court578Bernal
467,SaloméCurraoMale6 Forster Parkway2849311005San Felipe
468,AngéliqueTixierFemale7987 Warrior Parkway22Caucaguita
469,JúMcGraghGenderfluid46142 Buell Center15Taoyuan
470,DafnéeBeachemFemale15 Nobel Way1861809Soweto
471,CréézTerlindenMale380 Lakewood Gardens Lane56Huacapampa
472,UòMcSkeaganGenderqueer278 Bobwhite Road39597800-000São Luiz Gonzaga
473,EdméeMcCaughrenFemale4 Buhler Junction110Har Nur
474,ÅslögCozbyFemale5 Emmet Plaza3134999-8242Hashimoto
475,MélodieTraiteMale96 Lakewood Terrace0681Guandian
476,DorothéeAindriuMale8726 Thackeray Lane019446490Pokhvistnevo
477,DanièleDoleyFemale3 Stuart Parkway443224-200Bełżyce
478,MédiamassFaircloughMale2 Daystar Plaza3637Fareydūnshahr
479,LorèneRainforthAgender07 Dovetail Street67410601Aserrí
480,LéonoreEyerPolygender27 Myrtle Parkway41091‘Ayn al Bayḑā
481,PòSpillmanGenderfluid49115 Continental Park9094265 40Åstorp
482,CéciliaPlitzFemale56 Emmet Street65208Pinamalayan
483,LorèneLudlowFemale8 Cody Way46230Postojna
484,BérangèreNeliganMale43 Namekagon Street6873900-000Posse
485,SimplifiésHugganFemale05 Rigney Center26Methóni
486,CléliaPrandyMale8825 Bluestem Place93087Lang
487,ÅkeOsbanGenderfluid62 Canary Avenue6004Saýat
488,CunégondeBrunnFemale0722 Riverside Trail3394347502Bessonovka
489,LóngGrizardFemale13662 Main Drive825086 CEDEX 9Besançon
490,MéghaneDissPolygender884 Troy Trail8508692174 CEDEXVanves
491,ThérèseOldmanGenderqueer939 Brentwood Court0Ete
492,BörjeScamerdineMale94071 Gina Street967385123Yelizavetinskaya
493,DùSabanMale889 Shoshone Avenue0368Tynne
494,HåkanClynmansMale4 Kennedy Point78272342 01Humpolec
495,WáMacDowalNon-binary4 Ridge Oak Drive6763618742Dobryanka
496,VénusHatreyFemale8429 Pepper Wood Plaza6Vukatanë
497,AnaëlleVispoMale4 Mallory Drive09182G5HMont-Joli
498,MahélieOllcottMale795 Erie Terrace366503Tolosa
499,MédiamassWhymanAgender2084 Eliot Center8Al Karāmah
500,EsbjörnBassonMale289 Jackson Plaza71642-460Mierzęcice
501,AndréaMorrillMale30 Brentwood Parkway2239818 31Valbo
502,MélysGrassiFemale700 Jay Crossing62905522007Chachagüí
503,LéonePoleyeMale3 Lunder Lane684104 CEDEXOrange
504,FrançoisePennyFemale98970 Mesta Way84642250Lepoglava
505,RébeccaEdneyFemale820 Buell Drive2Sorinomo
506,AdélaïdeMurtaghMale29 Little Fleur Pass80353Cibinong Satu
507,StévinaWinterbourneFemale488 Lake View Place34Ourtzagh
508,MàCottomMale37872 Dixon Center0916789 69Postřelmov
509,TánHaroldFemale07 Huxley Center89452122Rayevskiy
510,VénusForteFemale4 Utah Terrace78Maswarah
511,AlmérindaOLuneyFemale3398 Welch Pass110160Nong Khaem
512,CléopatreBrehaultMale690 Eastwood Lane2467887605Loma Alta
513,IntéressantLapidesFemale31 Donald Circle88Hongkeli
514,RéservésHallattFemale8460 Corscot Junction11131København
515,AnnotésBirdwhistleMale81554 Rusk Junction6294089Sunnyvale
516,AíDredgeMale06313 Colorado Court38596Suisan
517,MéganeMussardMale98 Buhler Lane6562442379Beringovskiy
518,EsbjörnGowrichGenderfluid6800 Utah Junction2238Huata
519,BörjeBrislawnFemale0152 Bunker Hill Court419654830-264São Pedro
520,BécassineWilceMale8 Briar Crest Lane3Aeka
521,PersonnaliséeOelsFemale443 Rockefeller Point233Douala
522,VéranePettMale304 Marquette Way460853-0704Fukuechō
523,MarylèneGleweFemale3 Lien Junction92Tangxing
524,LàiElsonMale27 Vera Lane292641330Prosvet
525,SérénaDi FranceschiFemale5068 Fulton Crossing4899560-000Sarandi
526,LièEspinelMale1177 Cordelia Road9300607328Satis
527,MarylèneFantiniGenderqueer3 Red Cloud Trail15164Klayusiwalan
528,AndréArchdeckneFemale7553 Becker Trail262Punaauia
529,GöranBoHlingolsenFemale0 Loeprich Alley11Ciperang
530,CunégondeHefferFemale536 Jana Lane72745016 CEDEX 1Orléans
531,TánFechniePolygender435 Warbler Drive28638-722Olszanica
532,Marie-noëlBrammarMale082 Manitowish Pass33411Shaheying
533,SimplifiésAvenFemale95313 Swallow Road5Uzgen
534,MélysPinchenFemale04148 Novick Road25Polonne
535,EdméeJoynerFemale5 Crowley Place6Krasnopillya
536,BérengèreEdessFemale49465 Thackeray Place161042-141Przystajń
537,Marie-noëlGowardMale3 Menomonie Crossing3967Lộc Bình
538,JúEdmonsMale84 Mosinee Terrace58Puji
539,FrédériqueAirdsMale48931 Grasskamp Drive8223Kedungwungu
540,RéservésDaubyFemale87902 Pleasure Drive64Borehbangle
541,HåkanGynniMale6 Canary Road7348Bogorejo
542,LéonorePinwillMale700 Kipling Lane031324Jagodnjak
543,Marie-èveMcAllanFemale7 Bayside Trail8429Fengshuling
544,NaëlleYeabsleyFemale27275 Kipling Hill5646008107 CEDEXCharleville-Mézières
545,NélieJacobovitzMale6196 Swallow Hill4203027La Jagua de Ibirico
546,AdèleConellyMale9680 Spaight Avenue628901 CEDEX 9Chartres
547,ClémentineDondonFemale7690 Algoma Street266Zaragoza
548,ZhìWillcotMale10 Memorial Point274820-005Vinha
549,ChloéJanickiFemale2320 Kensington Trail3097296Portland
550,MéngLindeFemale43776 Coleman Drive253Kotaagung
551,CélineJanissonMale40696 Forest Street772491047Марино
552,CléliaCrowMale44 Brickson Park Place34836T1VHigh River
553,CécilePyottFemale478 Crownhardt Lane624503 02Předměřice nad Labem
554,MàFidelusMale9 David Point23956Yedun
555,Marie-hélènePooreMale1 8th Court8682Kelungkung
556,ElièsBlanketFemale2602 Scott Pass7Aydūn
557,YúBoyerMale563 Graceland Drive42301113Slobodka
558,CéliaWeldsFemale28105 Granby Circle59Shaft
559,DùGunneyGenderqueer0 Rigney Court27Novi Beograd
560,GörelCrushFemale8397 Michigan Lane3Bayanaūyl
561,Marie-joséeBrosiusFemale8268 Dapin Plaza382620-005Olival Basto
562,CaméliaAddsMale36 4th Street21Vinces
563,AnaéIrwinMale83575 Elmside Point42510-015A-da-Gorda
564,CléopatreSkeffingtonFemale1 Summer Ridge Junction96Oyan
565,GéraldSuggateMale30340 Hauk Road06277 03Horní Počaply
566,LaurèneTailourMale0 Longview Street39566591 94Motala
567,AmélieHobleFemale890 Mesta Lane00664 54Těšany
568,VénusGetchFemale2072 Starling Point1367Kusi
569,RenéeTrebyFemale37 Mitchell Terrace4712806116Halle
570,AlmérindaStaitPolygender5942 Grayhawk Crossing9136Al Ḩāmūl
571,AndréeReddecliffeMale83066 New Castle Lane76989Sumberdangdang
572,LéoneWintleFemale606 Summit Point3886Ngulakan
573,GéraldFellowMale8637 Holmberg Road19A1NMount Pearl
574,JúGudgerMale72798 Muir Trail041363560-000Acopiara
575,MéngOHaireMale477 Schurz Trail86311Guatraché
576,CléopatreMissingtonMale1 Longview Alley95Maqian
577,AnnotésDe BruynMale731 Truax Way1364082Lees Summit
578,GéraldSinisburyMale5992 Meadow Valley Way7Yanbei
579,CréézSloraFemale77852 Dovetail Circle99Ntsoudjini
580,GisèleBenbowMale297 Orin Court340Kishk-e Nakhūd
581,PålDossitMale2 Dapin Lane5Yonghe
582,NélieStirripFemale7367 Jenifer Center20J7GBoisbriand
583,AloïsOCriganeFemale9 Fuller Avenue323Fier-Çifçi
584,KuíMcTerryMale6 Goodland Plaza0071Varna
585,LóngWillgossMale04 Maywood Parkway26022302525Staryy Togul
586,FrançoiseSumpnerFemale4 Mccormick Street29562140074Nekrasovka
587,MaëlyGrinsteadMale6 Bluejay Lane2508Dazhigu
588,CréézLangerenMale09427 Roth Parkway95869750-000São Gabriel da Cachoeira
589,AdèleDungateFemale5304 Melrose Place17533515 CEDEXLibourne
590,CléopatreNoirelMale99166 Blaine Point8Nangkasari
591,IntéressantDaverinMale04 Lerdahl Center527508004San Andrés Xecul
592,NaévaKalderonFemale2206 Melrose Drive49D11Navan
593,AnaïsOShesnanFemale83 Sutherland Avenue108209 CEDEXSedan
594,JudicaëlAnelayMale804 Sycamore Parkway203515Capitán Solari
595,EloïseBraxtonMale3 Charing Cross Junction781Pocohuanca
596,DesiréeGreguolFemale3988 Surrey Plaza11113Shewopo
597,MaïtéMcClenaghanMale3 Gateway Parkway941871Colegiales
598,MéngDoretFemale05 Knutson Avenue94352265Spokoynaya
599,FrédériqueChippendaleMale4637 Buhler Plaza5843-243Radostowice
600,AndréanneLanneyFemale99 Sauthoff Pass4327Voskopojë
601,AurélieClausFemale77753 Cherokee Avenue16694627Oakland
602,RenéePabelFemale373 Susan Point101Kefar Tavor
603,MaénaRoustFemale7450 Lakewood Gardens Avenue04Mtimbira
604,NadègeCarwithimFemale6 Bluejay Parkway3046853 56Sundsvall
605,SolèneGeytonMale27860 Tony Junction654928360Jīwani
606,DafnéeAvrahamNon-binary1 Dwight Avenue43948Dongping
607,LéaneWoolvinFemale5 Eagle Crest Pass31292324 CEDEXChâtillon
608,AdèleMacAdieFemale3886 Sugar Alley0Banatski Dvor
609,MélineRubicaMale9 Claremont Plaza77036Kagawasan
610,Marie-noëlSpeedingFemale64 Dwight Pass3Kampungladang
611,NélieMixFemale19 Carey Hill36849Macun
612,CléaOllettFemale10661 Sachs Alley4764130Si Satchanalai
613,LéandreMcGavinBigender94367 Mitchell Lane961Zhouling
614,CécileBehneFemale083 Marcy Hill93616-515Puńsk
615,MélaniePolleFemale297 Algoma Point28159Viña del Mar
616,Marie-joséeTitmussMale1056 Summerview Junction87842304 CEDEXRoanne
617,HélènaGuestGenderfluid1 Elmside Junction28118Wolometang
618,AnnotésChicchettoMale7 Caliangt Plaza868Aoshi
619,MéliaTubbMale51238 Brentwood Park2Táriba
620,AngéliqueCasettiFemale9 Hanson Alley41327Heitan
621,CunégondeCleallMale40 Norway Maple Lane41853Naifaru
622,CaméliaOakerMale7528 Evergreen Point02501Bauang
623,YóuSearightFemale5344 Lakeland Lane17392 30Kalmar
624,KévinaDederickGenderqueer6927 Debs Crossing857947Retreat
625,MilénaJeffreyFemale8 Cardinal Hill0725Laiponda
626,MélodieBarkshireFemale99 Anhalt Terrace8Gunung Sugih
627,GaëlleKreutzerFemale72 Union Crossing1246Qijing
628,KallistéKleinpeltzFemale1858 Scoville Terrace45Xinzhan
629,ClémentineDanatGenderfluid41 Carioca Circle827Taiyangling
630,AndréaWabbFemale8838 Goodland Hill977Caloue
631,GéraldinePiesoldMale3689 Petterle Place43331Jomsom
632,TánFiveashMale0 Di Loreto Road53763101Bahāwalpur
633,MélineYuranovevMale7 Melby Road67379Gangshangji
634,ThérèseHolmeMale39 Cody Pass17162Zhenshan
635,SaloméVaneyMale04010 Northland Hill752165Argir
636,AnaéAbramsonMale00 Beilfuss Crossing197Orahovica Donja
637,KallistéJimsonFemale56985 6th Crossing7233539Ayapel
638,SélèneYoleFemale58 Jenna Trail63548Kanigorokrajan
639,AgnèsDefraineMale6 Jackson Park96227San Juan
640,FaîtesMcCluinFemale25338 Brown Plaza52034Zoushi
641,AthénaDemeGenderfluid3492 Vermont Way6Zhouhu
642,DaphnéeBrigstockAgender9 Spohn Center4691 73Krumvíř
643,GöstaSkaifFemale27104 Jenifer Park489992-0478Takehara
644,OcéaneJagoeMale2 Amoth Junction29Guanqiao
645,AnnotésBroomhallMale478 Texas Road7417Pechenizhyn
646,Marie-èveBallendineMale5905 Farmco Junction54Boca de Uchire
647,MélinaSpykingsAgender3503 Commercial Junction175664-810Śmiłowo
648,LaurèneTicehurstMale869 Helena Street3908Leticia
649,FèiAvramovicFemale6 3rd Hill66221688000Palana
650,PublicitéStrathearnFemale91014 Coleman Crossing48Curahuasi
651,TorbjörnGarrowFemale184 Ruskin Plaza59Betioky
652,ChloéRubinszteinFemale34 Menomonie Drive525841905Migrate
653,MylèneDemancheNon-binary33478 Huxley Point892Wailang
654,MédiamassGodlontonMale38156 Colorado Lane9254783Santo Tomas
655,RenéeShurrocksFemale945 Oneill Road27022-110Ruda-Huta
656,MaïwennJedrasMale98735 Swallow Court965Gumel
657,GenevièveCastellsMale6 Lyons Court2258Yunshan
658,RenéeSnedenMale2334 Armistice Junction1Changshan
659,LàiMcCallionMale5950 Hallows Way85233Patapan
660,KévinaImpletonFemale50057 Pepper Wood Place6Bunirasa
661,ÖstenFressonBigender308 Clemons Center8141195069Mercaderes
662,VéraneShawleyFemale216 Forest Dale Junction8588 33Rosice
663,UòSjostromFemale3063 Rieder Trail8427168Fakel
664,GisèleGothupFemale98 Utah Avenue32Bi’r al ‘Abd
665,RenéeBeaumanMale732 Melvin Crossing14725Wanshan
666,ElièsLotonMale9947 Bluejay Hill79000Bauchi
667,ValérieElsmoreMale82247 Commercial Hill5450Kelasuri
668,BérangèreDe la FeldMale6340 Packers Alley06032Andramasina
669,BjörnSchimkeFemale9 Manufacturers Alley8916248970-000Senhor do Bonfim
670,LoïcEricssenFemale35739 Old Gate Park20Hongqi
671,CréézRicharzFemale550 Monica Way493845250Sa Kaeo
672,AthénaGrocottMale295 Westport Junction95D6WDundrum
673,NaëllePiotrBigender7284 Memorial Place1148628210Kondinskoye
674,MaëllaPaulsonFemale06 Evergreen Alley38346T23Cork
675,SòngPerotMale6 Talmadge Parkway1088623511Lebedyan’
676,KallistéHeckneyFemale0 Starling Plaza12Jiuquan
677,ÅkeVasyutkinMale418 Eggendart Junction31Ménaka
678,MàCastlesFemale5 Bunting Road633515 CEDEXLibourne
679,MaëlyMongetMale83 Upham Point1768 32Zborovice
680,TángDurbridgeMale98232 Loftsgordon Drive59Jiaoyuan
681,LaurèneAndrewMale5832 Amoth Hill39186793Khelyulya
682,LyséaBeaconPolygender2137 Sunfield Road1Liuji
683,LéandrePeyntueFemale77 Donald Avenue9470Siem Reap
684,RáoTreverGenderqueer73490 Florence Place17301649Mayskiy
685,MahélieStreaderMale283 Gale Alley9Foshan
686,MärtaAndrejevicMale3 Old Shore Trail16339Радолишта
687,GöstaTompkinsFemale06 Northport Point60353Palu
688,HélènaAgatesFemale91 Morrow Plaza8319429 42Särö
689,ThérèseGlassFemale8378 Stone Corner Hill199611Mamali
690,AloïsFoanMale8 Mcbride Crossing52Stepanovićevo
691,BécassineMelchiorFemale58392 Del Mar Hill2Tirat Karmel
692,CloéRobartAgender14504 Barby Trail651434-730Mszana Dolna
693,DanièlePuckinghorneNon-binary3 Waywood Drive04202Fengjia
694,SélèneCammidgeMale703 Elmside Avenue425Wuyang
695,RégineConochieFemale0 Helena Center850141 53Huddinge
696,IntéressantTuillerFemale56 Hintze Plaza6895781Höfn
697,LóngTiebeFemale09 Packers Way90Hulei
698,MånsYeleFemale42390 Loftsgordon Alley60415 07Göteborg
699,AíGilesFemale015 Troy Alley854304 CEDEXLunéville
700,GaétaneHamberstonMale6 Vera Center6Vondrozo
701,MarylèneFenixFemale097 Oneill Junction769331686Cogon
702,GéraldineGraemeMale7150 Rieder Point350625702Patnongon
703,TángKinglakeFemale62011 Moulton Crossing2Drosáto
704,LàiChallonerFemale48977 Northwestern Place69474425San Ramon
705,DesiréeMatteiFemale64 John Wall Trail43124111721Chita
706,ÅkeErleyFemale60 John Wall Parkway060Banikoara
707,EdméeCavilMale773 Grayhawk Court9927Zaki Biam
708,AloïsMoyesMale260 Havey Trail99Ḩātim
709,BécassinePitmanFemale031 Marcy Crossing3802-0015Shimokizukuri
710,AíGiacovelliFemale37 Holmberg Lane656199San Martin
711,JudicaëlFruchterFemale2681 Randy Hill4002Fengcun
712,MånsMoggFemale76 Graceland Circle517Dapo
713,GéraldFoyleMale8657 Leroy Court1777Verkhovyna
714,WáAndrolettiMale62135 Derek Court8Eg-Uur
715,MéngOllettFemale60778 Pankratz Road340494857 CEDEXIvry-sur-Seine
716,NaëlleMacMenamyFemale59438 Green Ridge Crossing4746Bakungan
717,GisèleMcRamseyFemale9 Ramsey Road32096Jindu
718,MérylScoltsBigender2 Eastlawn Way7Kowingir
719,CéliaBloxsomeMale9039 Forest Court079288759Emiliano Zapata
720,StyrbjörnStukeFemale7743 Carey Point89Karavan
721,FélicieGwilliamFemale18 Alpine Crossing473711102Monte Plata
722,DàHarmsMale3536 Weeping Birch Plaza786800141Roma
723,CélestineBaulkMale424 Thierer Plaza46868Hengshanqiao
724,MahélieBlackledgeFemale09228 Lotheville Place88379Bashan
725,MéghaneSaltFemale14994 Kensington Road5607497Urazovka
726,MéthodePaxefordMale07 Mosinee Plaza080Tafo
727,ÅslögMilliganAgender47 Eastlawn Alley1421853088Akademija Kaunas
728,YóuPellmanMale03085 Larry Avenue267013 CEDEXStrasbourg
729,LoïcRegenhardtMale28901 Mccormick Pass728072895Zeerust
730,DanièleSavillMale90 Jackson Junction206Villamontes
731,AloïsCornuMale057 Packers Center40890Houmen
732,ÖstenGoveyFemale97 Linden Junction93164903Novodvinsk
733,Marie-èveLouchMale59 Riverside Place62709-101Płońsk
734,ThérèsaWennMale23 Old Shore Avenue2308223275Ugljan
735,AndréeEulAgender0 Glacier Hill Alley05743912Porsgrunn
736,LièPayntonMale984 Bellgrove Terrace520Selemadeg Kelod
737,Marie-èveGirodierMale0 Norway Maple Center229473-201Choszczno
738,Marie-noëlSmitheMale986 Merry Plaza6Weiyanggong
739,MénBootymanNon-binary3 Center Road24941Hayan Hudong
740,KùSuggFemale63792 Knutson Way1731-1515Mibu
741,LucrèceRosemanBigender43452 Vahlen Avenue03373110Sam Phran
742,ZoéAnnearFemale9934 West Trail092860505Aurora
743,Marie-hélèneRennebachFemale9989 Ridge Oak Circle24Xianyang
744,LéaDjurdjevicFemale28740 Northwestern Drive78Chakou
745,GörelRobertMale16 Red Cloud Court4Tianhu
746,MylèneFoldesMale3 Daystar Avenue59732028Mariquita
747,FaîtesCleggMale19 Meadow Vale Park870Bayān
748,MarylèneCrowcherMale1607 Schurz Parkway195Helong
749,AiméeWimpeneyMale26 Kennedy Lane7V7XWabana
750,RenéeAtkinsMale629 Birchwood Road593Menzel Abderhaman
751,RéjaneCaineyMale5670 Sunnyside Court5135182 39Danderyd
752,SolèneBritneyFemale582 Spenser Place1Saynshand
753,MårtenShatliffeMale962 Springview Way5213Kohtla-Järve
754,MaïtéIssattMale1 Reinke Road371Centenary
755,MaëlyssEdonFemale9 Springview Hill07Pajarillo
756,NuóBamlingMale830 Delladonna Park916724425-005Maia
757,AnaïsEdardsFemale27 Sheridan Street79754Aliwal North
758,MédiamassBrometFemale60 Myrtle Way31Puyang
759,BéatriceKimbreyFemale7 Arrowood Street23Xinji
760,InèsLawransonMale80 Sunbrook Street78121715Tigbaw
761,KallistéScandrootMale4825 Scoville Street10Majiao
762,MånsBarrowcliffeMale8193 Summerview Park6285009Tilburg
763,IrèneCouvesMale5 Texas Way3Haduohe
764,MilénaMucciMale4 Laurel Avenue3458Punata
765,NaévaCowMale0 Portage Plaza458400-017Estombar
766,AudréanneMournianMale07666 New Castle Alley8474353993Novorossiysk
767,MéliaSinnattMale4 Oxford Crossing4778Shuiying
768,NélieBurnardMale7 Bayside Parkway22640-705Alcainça
769,CléliaAshfullMale9 Eastwood Avenue0Tambulatana
770,LièMacArdMale7293 Gulseth Lane6014J5WLAssomption
771,ValérieMatoshinMale73 Gerald Lane74600BS41Bristol
772,AnaëlHatherleighFemale04 Canary Junction67842Turt
773,IntéressantWarrattFemale24925 Waubesa Park28177417018Elías
774,EléonoreVolageFemale7 Tony Place3315247207Magisterial
775,ZoéStebbingFemale179 Granby Pass5571Köneürgench
776,AlizéeNyeMale00620 Karstens Way40709-310Kuczbork-Osada
777,CélestineBramleyPolygender55359 Erie Terrace671Sijiu
778,SélènePhilcottFemale978 Weeping Birch Drive5868092804 CEDEXPuteaux
779,TángNewensAgender37 Laurel Trail562156309 CEDEXPontivy
780,AnnotésPowysMale7873 1st Road71285Bohicon
781,LéaMatthesiusMale80 1st Avenue28125-012Quarteira
782,IllustréeGarlettFemale32241 Mccormick Road9012435-042Caxarias
783,MaïwennMeachemFemale8976 Prentice Point657272428Urdaneta
784,Marie-françoiseMcBradyMale229 Arkansas Drive59184755-192Devesa
785,IllustréeGimbartAgender77513 Lindbergh Pass21294 01Bakov nad Jizerou
786,MélysLyosikMale2 Bartillon Road5975Karavan
787,MarylèneMcNabFemale22 Iowa Drive02Guanshui
788,GéraldBlountGenderqueer7148 Maple Crossing816Naberera
789,CléliaShakeladePolygender4 Troy Parkway100932530-327Zambujeira
790,PénélopeCridlinFemale1 Petterle Lane55285L-8711Boevange-sur-Attert
791,MaénaOKuddyhyMale7265 Huxley Avenue1441045Кондово
792,AthénaKeyndMale2458 Carberry Lane211114Las Matas de Farfán
793,CloéDwineMale29037 Del Mar Crossing3728Camatindi
794,JoséphineBrowettFemale4 Johnson Alley348Wenfang
795,AudréanneOScanlonFemale2982 Orin Park0853288Karlobag
796,FèiJeanequinFemale178 1st Place90Meilisi
797,LoïsGormallyFemale1 Hauk Park412Yangfang
798,Marie-françoiseFinniganMale10 Hermina Road24520608Kuala Terengganu
799,LéonoreTrussmanFemale44 Chinook Hill3Tulung
800,AnaëlleTrumperBigender0 Forest Dale Way9990Uíge
801,ClémenceDionisFemale50388 Hauk Park0Taihua
802,LoïsTranmerMale587 4th Terrace26Songgui
803,IntéressantVolettMale78993 Packers Hill90Jianshan
804,PersonnaliséeDeackesMale01466 Ludington Hill65657Piskivka
805,LièVasiliuFemale349 Dayton Pass67Tanggung
806,DafnéeLamputtMale34 Starling Park2Xinjia
807,ElièsBromigeFemale48422 Canary Court67Pingtan
808,HélènaKlosserFemale337 Badeau Drive8147575205Dallas
809,AndréeGrimFemale69012 Bobwhite Park5450Mari
810,VéraneColdbathFemale23 Monterey Alley01Kaltungo
811,HélènaBethellFemale99 Sunnyside Center3Jomboy
812,KallistéCarefullFemale97 Dorton Circle86814Shifan
813,RégineOdamsFemale5 Ridgeview Park9724 68Västerås
814,LénStannusMale9 Carey Street3193Bududa
815,AngéliqueWorksBigender97 Lerdahl Parkway841Dazhongzhuang
816,GöstaRheaumeMale82 Hooker Court7651070Malayal
817,MaëlysTynnanMale1 South Plaza91Kulykiv
818,MaëlleCarlesiMale8 Jana Pass343775700-000Catalão
819,AnaëlSpurdenFemale52261 Hoffman Lane89572509Balaoang
820,HélènePumfrettMale71286 Red Cloud Pass1067013 CEDEXStrasbourg
821,GörelPearnMale8 Declaration Alley977Dongguang
822,Lauréliede ZamoraFemale05392 Meadow Ridge Pass13328Cabagan
823,YáoTwidaleFemale4511 Hayes Center88723Malabugas
824,BérengèreSolaGenderqueer60 Rieder Street162Xiyuan
825,MaëlannHardistryMale81487 Magdeline Park236190000Badulla
826,SéverineLittlefieldFemale99 Autumn Leaf Pass66701 48Örebro
827,SaloméHeinlMale4986 Cody Center68735Nueva Guadalupe
828,MérylWarbeyFemale190 Lerdahl Trail90757Cuchumbaya
829,DàHunstoneFemale35 Anzinger Drive9898Sambir
830,VénusBroadburyMale194 Summerview Point37924419Hinapalanan
831,MéghaneRentelllFemale299 Maywood Court21Niutang
832,MarylèneDrewittFemale6 Little Fleur Road41450Jiaogong
833,MélindaJacquemetFemale410 Granby Trail24608Gunziying
834,Marie-joséeKeydenFemale7050 Gale Trail438Kertahayu
835,ÅslögMontacuteMale326 Pepper Wood Crossing42592419Malabago
836,KùAndreouMale4771 Waubesa Lane5433456404Timiryazevskiy
837,PersonnaliséeFeaveerMale3 Derek Plaza5281Belsh
838,LaïlaEmptageFemale1812 Laurel Pass2406211550Minuwangoda
839,BjörnDawdryFemale39782 Sundown Way13Xianglan
840,Marie-èveDinsellMale7 School Park0321217Margos
841,HélèneFollettGenderqueer3593 Basil Plaza402Kiruru
842,PénélopeCorderoMale08 Canary Court435683358Apóstoles
843,BörjeBeedellMale188 Randy Junction34710516Cotuí
844,NélieFerneFemale583 Ramsey Circle1146140-000Livramento do Brumado
845,CélineAhmedFemale6 Saint Paul Parkway0567Shangmachang
846,StévinaPimblettFemale80278 2nd Street847154950Pākpattan
847,ChloéLanglandsFemale30040 Melrose Court24624Yaopi
848,SimplifiésMaudeFemale603 Northridge Road169882430-024Amieirinha
849,GenevièveDe CarteretMale43931 Lukken Place122908Charlottesville
850,MarylèneMughalMale94755 Glendale Terrace5736714Ede
851,GöranGuttridgeMale60 Coleman Drive3879Florida
852,MichèleSmurfittMale09009 Namekagon Center9120Ngawen
853,MéthodeHadekeMale76 Portage Plaza38Tabouda
854,ThérèseRispineFemale4 Raven Center88726Aku
855,GörelPlumleyMale70742 Eagle Crest Pass754Iquipi
856,OcéaneFriettFemale37 Badeau Court46088Zhagang
857,Marie-noëlAchromovFemale53938 Amoth Alley36214Guihulñgan
858,DorothéeStorekFemale40 8th Plaza8356472008Aracataca
859,GöstaWhittleFemale657 Acker Circle265034600-757Aldeia
860,DesiréeCaselyMale64869 Elka Trail7392000-452Alqueidão
861,FélicieCondonFemale414 Jana Hill7974-320Barlinek
862,MaëlyssFrisdickMale137 Mesta Road53Sumberrojokrajan
863,AiméeBankeMale8783 Debs Street72274210Subusub
864,NaévaHodcroftFemale92 Buhler Alley294Loja
865,LaïlaGerransFemale7439 Milwaukee Junction2622659607Pervomayskoye
866,DanièleScrimshireBigender12934 Muir Alley42Daqiao
867,DaphnéeSheerinFemale885 Loomis Court84520-0111Chino
868,PålVanyukovGenderfluid9071 Thierer Point0040079950-000Naviraí
869,ZoéChildsMale96143 Badeau Avenue5505-604Jasieniec
870,AíCordeMale8667 Dixon Place087Xinpu
871,MaëlysBerryannMale21357 Pond Point9115900-000Taquaritinga
872,CloéGladdingMale518 Clemons Court942420-369Trabulheira
873,WáKinnairdMale939 Harper Court726Kentongan
874,PublicitéBrittonerMale33 Barby Court70898Hanam
875,RáoWindressMale786 Farragut Alley9546Huangnan
876,UòKollachMale3 Onsgard Road0385130-065Ervedosa do Douro
877,JoséePeskettNon-binary3 Rowland Point533Moundou
878,AnnotéeHaselFemale1106 Coleman Lane879Coyah
879,CinémaLeeMale7242 Jay Circle464Unden
880,LàiVedeshkinMale7 Delaware Alley21Watulimo
881,RenéeBrisbaneFemale97310 Surrey Street48120Songshan
882,OphélieBlincoeFemale30188 Talisman Crossing6548Rancabungur
883,ZhìPrazorFemale46 Linden Place3650Gorē
884,AnnotéeMaddicksMale5664 Main Park725Pohonsirih
885,MaëlyssCoddMale06 Lakeland Point02630453Hannover
886,CéliaPeplayFemale3903 Loftsgordon Junction5583Horodne
887,IntéressantSkoneFemale839 Corscot Terrace0685164 35Kista
888,AudréanneHebdonMale57617 Thompson Alley6304Lukou
889,OcéaneGlenFemale607 5th Alley03770Luorong
890,DanièleVanyushkinFemale366 Nelson Hill4626-0072Maizuru
891,DaphnéeAyceMale0922 Grasskamp Street75155Shalizhai
892,AndréaAttrideMale26 La Follette Drive413480-000Limeira
893,PénélopeBridgwoodMale0963 Starling Parkway099277493Katy
894,MaïlisDrewittFemale54 Stone Corner Point29232008Momil
895,PénélopeMolleneFemale8921 Hoepker Street2225Knjazevac
896,IllustréeKeelyFemale00 Lawn Trail6269404Ninove
897,MéngBrisseauFemale37265 Arrowood Avenue7311808Sabana Iglesia
898,RuòCleimentMale102 Maywood Crossing417350-000Igaraçu do Tietê
899,MaïtéKrammerMale66432 Monument Center9293646860Odesskoye
900,GenevièveVerryFemale42437 Superior Center37Wanfa
901,LéaOLochanFemale85 Chinook Avenue5636366502Goyty
902,NaëlleBrunnenMale93755 Porter Junction714309670Bultfontein
903,GöstaBraggintonFemale731 Marcy Trail23342Gornji Grad
904,FèiDanilyukMale755 Dapin Drive0742623795Pokrovskoye
905,AdélieTurbittFemale222 Warner Center27177303320Zmiyëvka
906,MarylèneNutmanMale38 Gulseth Terrace789Banī Suhaylā
907,ThérèseBarbrickBigender070 Northfield Lane475050-365Portela
908,MélysKolodziejFemale9335 Bartillon Place509Petong
909,MélanieRunchmanFemale3 Saint Paul Hill8Dolores
910,SérénaLafondFemale494 Weeping Birch Circle65351Zinder
911,PélagieDesmondMale906 Mockingbird Pass50027Jiuheyuan
912,WáSpickettFemale28 Graceland Trail44427Cimuncang
913,PòShaveBigender4709 Darwin Road05965569 24Kunčina
914,SòngHuikerbyFemale40 Twin Pines Road2006202038San Diego
915,MélindaBimsonFemale771 Almo Alley326Weifang
916,PersonnaliséeToffanelliFemale334 Swallow Point1428Apopa
917,LéandreHurnMale391 Katie Terrace423203Richmond
918,ÖstenStandellFemale86 New Castle Road208-480Maciejowice
919,NaëlleSmalemanFemale34641 Fairfield Trail650Marka
920,BéréniceTaytMale460 Algoma Park56958702 21Örebro
921,KuíPopplewellMale56599 Northwestern Circle48465Dong’an
922,MélodieFerandezFemale60691 Butterfield Point37256250-000Trindade
923,JoséeNegalFemale88 Bunker Hill Parkway147979017Las Heras
924,MélissandreFerrelliMale0 Dayton Park09901Man
925,JoséphineKemmerFemale79 Ridgeview Plaza7733895-054Ksawerów
926,MaëlyCayetteMale21574 North Center678Zungeru
927,NélieVelaFemale0 Melvin Parkway9866Srono
928,MélinaCortesMale56 Rowland Plaza41566Sanli
929,MéganeLeyshonMale0753 Tennessee Center5Guojiaba
930,RégineHarriePolygender51 1st Way26975Shisandaogou
931,MylèneWiddisonMale88668 Kennedy Park846139Peddie
932,PélagieVivashFemale73 Norway Maple Way47319601Hartola
933,StyrbjörnVicareyMale47453 Corscot Way80613384Mikhaylovka
934,LóngKylesFemale2795 Burrows Point76576Drybin
935,StéphanieGippsFemale73188 Kenwood Drive47Bogo
936,CléaConstantineMale10259 Goodland Street38867Sanlanbahai
937,MaëllaComettoBigender0339 Lakeland Lane43443Duyure
938,LaïlaAubrunFemale61870 Eggendart Park6624625-604Lourido
939,YáoAustinsFemale99015 Butternut Parkway216625516Antipino
940,MaïlysRylstoneFemale7 Commercial Pass38241Merke
941,AdélieCuruclisBigender311 John Wall Drive61254838-0813Yorii
942,CélineLonghurstFemale9454 Lighthouse Bay Alley944Huaraz
943,GisèleHazellFemale111 Almo Hill5Xinmen
944,CélestineCicconeMale1 Parkside Circle444770-000Pindobaçu
945,MaëlyssDooleFemale7678 Holy Cross Parkway817457134Bobrovka
946,HélèneGrimsdikeMale323 Eastwood Way201Delta del Tigre
947,LièMacerMale75 Loomis Alley1257622-230Wola Uhruska
948,MaëlyIzardMale9851 Hoffman Alley269906254 CEDEXMougins
949,ErwéiBreewoodMale72549 Waywood Avenue131981Comilla
950,ChloéWoolfordFemale01914 Arapahoe Court81250 06Helsingborg
951,CléopatreTurpinFemale28853 Prentice Avenue1Nanhuang
952,MélodieSurgisonFemale627 Lakewood Alley8706000-000Osasco
953,ElièsLeanderMale43145 Ronald Regan Street9Qaşr Hallāl
954,MédiamassReignouldMale69122 Susan Street12Taiping
955,CélestineWasmuthFemale104 Arkansas Park40Hanban
956,MårtenJervisFemale880 Sunbrook Street392517350-000Igaraçu do Tietê
957,DaphnéeBourMale7 Bartillon Place11121La Lima
958,RégineHarlettFemale4 Ilene Lane3Georgetown
959,NoémieMacAskieFemale258 Golden Leaf Crossing2Maripa
960,LoïcRenfieldMale7 Sugar Parkway5729Tolitoli
961,VénusKleinertMale4401 Hoard Park02173017Bulacan
962,MårtenBurlayMale41281 Bartelt Road164628800-000Rio Bonito
963,BérengèreRadsdaleNon-binary4 Meadow Vale Drive20790Lolodorf
964,GenevièveDuckitFemale243 Mitchell Avenue852Knjazevac
965,MaëlyLigertonFemale80 Rockefeller Park7Baleber
966,MaëlineRicciardelliMale4 Pierstorff Place471151Tarusan
967,PersonnaliséeYggoFemale69594 Esker Parkway0643700-000Simões Filho
968,AlizéePettingerFemale2 Mosinee Circle47966Yalukou
969,DesiréeCurnnokkMale28535 Fulton Circle71Tomaševac
970,DorothéeMinorsMale6125 Almo Lane51721Hongkou
971,OcéanneKopmannFemale729 Truax Pass1224205Laprida
972,AlmérindaBrodbinFemale006 Melvin Way7534294 CEDEX 5Montpellier
973,YénoraCarsbergMale40 Reinke Court1697215119Vyaz’ma
974,WáBeetlesBigender061 Bartelt Alley083Tangjiapo
975,AudréanneAbbotMale7393 Crowley Hill657240101Heredia
976,NoémieCapperAgender43 Manufacturers Street2Zhouxi
977,MånsAbramamovFemale8871 Leroy Park94990-565Soutelo
978,AudréanneBlakeyMale3 Kedzie Way91530654Oslo
979,LéoneKlimpkeGenderqueer5285 Alpine Plaza66271Wasogolo
980,LièCrostonFemale722 John Wall Court1Xitan
981,AnaëlleBaistowMale399 Randy Court22750Xinle
982,MichèleGarwoodFemale025 3rd Trail779Ikalamavony
983,IntéressantAlbionMale5 Pierstorff Crossing07Mamara
984,AndréBriscoMale185 Kipling Drive872Sambilawang
985,TángTotterdillMale15529 Pond Drive84Arosbaya
986,Marie-joséeBraundtFemale4 Goodland Crossing85730507Piedras
987,LoïsGalerFemale08257 Tony Place08394Karanggeneng
988,FaîtesPellamonutenFemale4680 High Crossing Drive35235Nanjie
989,MaïBarffordFemale5 Rusk Circle917Nereta
990,LaurèneMacIloryMale936 Bluejay Way14571Kudang
991,EléaPeakFemale5187 Florence Way652Geidam
992,RéjaneDoniMale55624 Superior Trail14313San Narciso
993,MahélieEctorMale72 Old Gate Point876101 CEDEXRouen
994,RachèleAllumMale796 Anniversary Park66Kukulu
995,LaïlaGerretsenMale1408 Continental Plaza6662380-407Louriceira
996,InèsBowmanMale8855 Sullivan Crossing762Cibatuireng
997,PublicitéBarbaryMale0037 Warner Crossing224Puncakmanis
998,MaïlysSmoothGenderfluid0 Arkansas Avenue98T9SAthabasca
999,MaïlisHuguenetMale270 Morningstar Parkway17190Quanling
1000,LéaEwerFemale7 Doe Crossing Avenue549002Patrocinio
